,gdpPercap_1952,gdpPercap_1957,gdpPercap_1962,gdpPercap_1967,gdpPercap_1972,gdpPercap_1977,gdpPercap_1982,gdpPercap_1987,gdpPercap_1992,gdpPercap_1997,gdpPercap_2002,gdpPercap_2007
count,25.0,25.0,25.0,25.0,25.0,25.0,25.0,25.0,25.0,25.0,25.0,25.0
mean,4079.0625522000005,4616.04373316,4901.5418704,5668.25349604,6491.334139040001,7352.007126279999,7506.73708808,7793.40026112,8044.934405520001,8889.30086256,9287.67710732,11003.03162536
std,3001.7275216326566,3312.3810829210124,3421.7405687715627,4160.885559590396,4754.40432881002,5355.602518251342,5530.49047115146,6665.039508729744,7047.089191375029,7874.225144658293,8895.817785335206,9713.20930239591
min,1397.7171369999999,1544.402995,1662.137359,1452.057666,1654.456946,1874.2989309999998,2011.1595489999997,1823.015995,1456.309517,1341.7269310000001,1270.364932,1201.637154
25%,2428.2377690000003,2487.365989,2750.364446,3242.5311469999997,4031.4082710000002,4756.763836,4258.5036039999995,4140.442097,4439.4508399999995,4684.313807,4858.347495,5728.353514
50%,3048.3029,3780.5466509999997,4086.114078,4643.393534000001,5305.445256,6281.290854999999,6434.501797,6360.9434439999995,6618.74305,7113.692252,6994.774861,8948.102923
75%,3939.9787890000002,4756.525781,5180.75591,5788.09333,6809.406690000001,7674.929108,8997.897412,7807.095818000001,8137.004775,9767.29753,8797.640716,11977.57496
max,13990.482080000002,14847.12712,16173.145859999999,19530.365569999998,21806.03594,24072.63213,25009.55914,29884.350410000003,32003.93224,35767.43303,39097.09955,42951.65309
